Workbook

Sheet Read Me
A1: Automation Program Tracker
A2: How to use this workbook
A4: This workbook is the single register for every automation candidate and live bot — from first business request through to production and retirement. It complements the Business Process Discovery Questionnaire, Automation Feasibility Assessment, Solution Design Document, Coding Standards, Production Readiness Checklist, and Automation Governance Charter — this tracker is where each of those documents gets logged and linked.
A6: Tabs in this workbook:
A7: • Process Register — the master list. One row per process. Fill this in; everything else reads from it.
A8: • Systems Matrix — auto-generated from the Register. Shows which systems each process touches, so you can spot reuse opportunities and concentration risk (e.g. "12 of our 20 bots touch SAP").
A9: • Dashboard — auto-generated counts and charts: processes by status, by department, by system, and total estimated hours saved.
A11: Only edit cells in the Process Register tab. The Systems Matrix and Dashboard tabs are entirely formula-driven and will update automatically as you fill in the Register.
A13: Column notes for Process Register:
A14: • Status, Priority, and Automation Approach are dropdown lists — click a cell to choose a value.
A15: • Systems Involved is free text: enter one or more of SAP, Outlook, Excel, Web Portal, Database, SharePoint, Other — separated by commas, spelled exactly as listed here — so the Systems Matrix can match them correctly.
A16: • Questionnaire / Feasibility / SDD Ref columns: enter a file name, link, or ticket ID so anyone can find the underlying document for that process.
... A19: This workbook is a template — copy it before your first real use if you'd like to keep a blank master.

Sheet Process Register
A1: Process ID | B1: Process Name | C1: Department | D1: Requested By | E1: Status | F1: Priority | G1: Automation Approach | H1: Systems Involved | I1: Questionnaire Ref | J1: Feasibility Ref | K1: SDD Ref | L1: Developer | M1: Business Owner | N1: Date Submitted | O1: Date Approved | P1: Planned Go-Live | Q1: Actual Go-Live | R1: Est. Annual Hours Saved | S1: Actual Annual Hours Saved | T1: Notes
A2: AUT-001 | B2: Invoice Matching - AP | C2: Finance | D2: Jane Doe | E2: In Development | F2: High | G2: RPA | H2: SAP, Outlook, Excel | I2: PDQ-2026-014 | J2: FA-2026-014 | K2: SDD-2026-014 | L2: John Smith | M2: Jane Doe | N2: 2026-03-10 | O2: 2026-03-24 | P2: 2026-08-15 | R2: 480 | T2: Pilot process for the new intake framework; first live candidate.
A3: FIN - 002 | B3: John Test | C3: Procurement | D3: John D | E3: Production | F3: Medium | G3: API Integration | H3: Outlook, Web Portal | I3: PDQ-2025-01 | L3: Peter Kendrik

Sheet Systems Matrix
A1: Process ID | B1: Process Name | C1: SAP | D1: Outlook | E1: Excel | F1: Web Portal | G1: Database | H1: SharePoint | I1: Other
A2: =IF('Process Register'!A2="","",'Process Register'!A2) -> AUT-001 | B2: =IF('Process Register'!B2="","",'Process Register'!B2) -> Invoice Matching - AP | C2: =IFERROR(IF(ISNUMBER(SEARCH("SAP",'Process Register'!$H2)),"X",""),"") -> X | D2: =IFERROR(IF(ISNUMBER(SEARCH("Outlook",'Process Register'!$H2)),"X",""),"") -> X | E2: =IFERROR(IF(ISNUMBER(SEARCH("Excel",'Process Register'!$H2)),"X",""),"") -> X | F2: =IFERROR(IF(ISNUMBER(SEARCH("Web Portal",'Process Register'!$H2)),"X",""),"") | G2: =IFERROR(IF(ISNUMBER(SEARCH("Database",'Process Register'!$H2)),"X",""),"") | H2: =IFERROR(IF(ISNUMBER(SEARCH("SharePoint",'Process Register'!$H2)),"X",""),"") | I2: =IFERROR(IF(ISNUMBER(SEARCH("Other",'Process Register'!$H2)),"X",""),"")
A3: =IF('Process Register'!A3="","",'Process Register'!A3) -> FIN - 002 | B3: =IF('Process Register'!B3="","",'Process Register'!B3) -> John Test | C3: =IFERROR(IF(ISNUMBER(SEARCH("SAP",'Process Register'!$H3)),"X",""),"") | D3: =IFERROR(IF(ISNUMBER(SEARCH("Outlook",'Process Register'!$H3)),"X",""),"") -> X | E3: =IFERROR(IF(ISNUMBER(SEARCH("Excel",'Process Register'!$H3)),"X",""),"") | F3: =IFERROR(IF(ISNUMBER(SEARCH("Web Portal",'Process Register'!$H3)),"X",""),"") -> X | G3: =IFERROR(IF(ISNUMBER(SEARCH("Database",'Process Register'!$H3)),"X",""),"") | H3: =IFERROR(IF(ISNUMBER(SEARCH("SharePoint",'Process Register'!$H3)),"X",""),"") | I3: =IFERROR(IF(ISNUMBER(SEARCH("Other",'Process Register'!$H3)),"X",""),"")
A4: =IF('Process Register'!A4="","",'Process Register'!A4) | B4: =IF('Process Register'!B4="","",'Process Register'!B4) | C4: =IFERROR(IF(ISNUMBER(SEARCH("SAP",'Process Register'!$H4)),"X",""),"") | D4: =IFERROR(IF(ISNUMBER(SEARCH("Outlook",'Process Register'!$H4)),"X",""),"") | E4: =IFERROR(IF(ISNUMBER(SEARCH("Excel",'Process Register'!$H4)),"X",""),"") | F4: =IFERROR(IF(ISNUMBER(SEARCH("Web Portal",'Process Register'!$H4)),"X",""),"") | G4: =IFERROR(IF(ISNUMBER(SEARCH("Database",'Process Register'!$H4)),"X",""),"") | H4: =IFERROR(IF(ISNUMBER(SEARCH("SharePoint",'Process Register'!$H4)),"X",""),"") | I4: =IFERROR(IF(ISNUMBER(SEARCH("Other",'Process Register'!$H4)),"X",""),"")
A5: =IF('Process Register'!A5="","",'Process Register'!A5) | B5: =IF('Process Register'!B5="","",'Process Register'!B5) | C5: =IFERROR(IF(ISNUMBER(SEARCH("SAP",'Process Register'!$H5)),"X",""),"") | D5: =IFERROR(IF(ISNUMBER(SEARCH("Outlook",'Process Register'!$H5)),"X",""),"") | E5: =IFERROR(IF(ISNUMBER(SEARCH("Excel",'Process Register'!$H5)),"X",""),"") | F5: =IFERROR(IF(ISNUMBER(SEARCH("Web Portal",'Process Register'!$H5)),"X",""),"") | G5: =IFERROR(IF(ISNUMBER(SEARCH("Database",'Process Register'!$H5)),"X",""),"") | H5: =IFERROR(IF(ISNUMBER(SEARCH("SharePoint",'Process Register'!$H5)),"X",""),"") | I5: =IFERROR(IF(ISNUMBER(SEARCH("Other",'Process Register'!$H5)),"X",""),"")
A6: =IF('Process Register'!A6="","",'Process Register'!A6) | B6: =IF('Process Register'!B6="","",'Process Register'!B6) | C6: =IFERROR(IF(ISNUMBER(SEARCH("SAP",'Process Register'!$H6)),"X",""),"") | D6: =IFERROR(IF(ISNUMBER(SEARCH("Outlook",'Process Register'!$H6)),"X",""),"") | E6: =IFERROR(IF(ISNUMBER(SEARCH("Excel",'Process Register'!$H6)),"X",""),"") | F6: =IFERROR(IF(ISNUMBER(SEARCH("Web Portal",'Process Register'!$H6)),"X",""),"") | G6: =IFERROR(IF(ISNUMBER(SEARCH("Database",'Process Register'!$H6)),"X",""),"") | H6: =IFERROR(IF(ISNUMBER(SEARCH("SharePoint",'Process Register'!$H6)),"X",""),"") | I6: =IFERROR(IF(ISNUMBER(SEARCH("Other",'Process Register'!$H6)),"X",""),"")
A7: =IF('Process Register'!A7="","",'Process Register'!A7) | B7: =IF('Process Register'!B7="","",'Process Register'!B7) | C7: =IFERROR(IF(ISNUMBER(SEARCH("SAP",'Process Register'!$H7)),"X",""),"") | D7: =IFERROR(IF(ISNUMBER(SEARCH("Outlook",'Process Register'!$H7)),"X",""),"") | E7: =IFERROR(IF(ISNUMBER(SEARCH("Excel",'Process Register'!$H7)),"X",""),"") | F7: =IFERROR(IF(ISNUMBER(SEARCH("Web Portal",'Process Register'!$H7)),"X",""),"") | G7: =IFERROR(IF(ISNUMBER(SEARCH("Database",'Process Register'!$H7)),"X",""),"") | H7: =IFERROR(IF(ISNUMBER(SEARCH("SharePoint",'Process Register'!$H7)),"X",""),"") | I7: =IFERROR(IF(ISNUMBER(SEARCH("Other",'Process Register'!$H7)),"X",""),"")
A8: =IF('Process Register'!A8="","",'Process Register'!A8) | B8: =IF('Process Register'!B8="","",'Process Register'!B8) | C8: =IFERROR(IF(ISNUMBER(SEARCH("SAP",'Process Register'!$H8)),"X",""),"") | D8: =IFERROR(IF(ISNUMBER(SEARCH("Outlook",'Process Register'!$H8)),"X",""),"") | E8: =IFERROR(IF(ISNUMBER(SEARCH("Excel",'Process Register'!$H8)),"X",""),"") | F8: =IFERROR(IF(ISNUMBER(SEARCH("Web Portal",'Process Register'!$H8)),"X",""),"") | G8: =IFERROR(IF(ISNUMBER(SEARCH("Database",'Process Register'!$H8)),"X",""),"") | H8: =IFERROR(IF(ISNUMBER(SEARCH("SharePoint",'Process Register'!$H8)),"X",""),"") | I8: =IFERROR(IF(ISNUMBER(SEARCH("Other",'Process Register'!$H8)),"X",""),"")
A9: =IF('Process Register'!A9="","",'Process Register'!A9) | B9: =IF('Process Register'!B9="","",'Process Register'!B9) | C9: =IFERROR(IF(ISNUMBER(SEARCH("SAP",'Process Register'!$H9)),"X",""),"") | D9: =IFERROR(IF(ISNUMBER(SEARCH("Outlook",'Process Register'!$H9)),"X",""),"") | E9: =IFERROR(IF(ISNUMBER(SEARCH("Excel",'Process Register'!$H9)),"X",""),"") | F9: =IFERROR(IF(ISNUMBER(SEARCH("Web Portal",'Process Register'!$H9)),"X",""),"") | G9: =IFERROR(IF(ISNUMBER(SEARCH("Database",'Process Register'!$H9)),"X",""),"") | H9: =IFERROR(IF(ISNUMBER(SEARCH("SharePoint",'Process Register'!$H9)),"X",""),"") | I9: =IFERROR(IF(ISNUMBER(SEARCH("Other",'Process Register'!$H9)),"X",""),"")
A10: =IF('Process Register'!A10="","",'Process Register'!A10) | B10: =IF('Process Register'!B10="","",'Process Register'!B10) | C10: =IFERROR(IF(ISNUMBER(SEARCH("SAP",'Process Register'!$H10)),"X",""),"") | D10: =IFERROR(IF(ISNUMBER(SEARCH("Outlook",'Process Register'!$H10)),"X",""),"") | E10: =IFERROR(IF(ISNUMBER(SEARCH("Excel",'Process Register'!$H10)),"X",""),"") | F10: =IFERROR(IF(ISNUMBER(SEARCH("Web Portal",'Process Register'!$H10)),"X",""),"") | G10: =IFERROR(IF(ISNUMBER(SEARCH("Database",'Process Register'!$H10)),"X",""),"") | H10: =IFERROR(IF(ISNUMBER(SEARCH("SharePoint",'Process Register'!$H10)),"X",""),"") | I10: =IFERROR(IF(ISNUMBER(SEARCH("Other",'Process Register'!$H10)),"X",""),"")
A11: =IF('Process Register'!A11="","",'Process Register'!A11) | B11: =IF('Process Register'!B11="","",'Process Register'!B11) | C11: =IFERROR(IF(ISNUMBER(SEARCH("SAP",'Process Register'!$H11)),"X",""),"") | D11: =IFERROR(IF(ISNUMBER(SEARCH("Outlook",'Process Register'!$H11)),"X",""),"") | E11: =IFERROR(IF(ISNUMBER(SEARCH("Excel",'Process Register'!$H11)),"X",""),"") | F11: =IFERROR(IF(ISNUMBER(SEARCH("Web Portal",'Process Register'!$H11)),"X",""),"") | G11: =IFERROR(IF(ISNUMBER(SEARCH("Database",'Process Register'!$H11)),"X",""),"") | H11: =IFERROR(IF(ISNUMBER(SEARCH("SharePoint",'Process Register'!$H11)),"X",""),"") | I11: =IFERROR(IF(ISNUMBER(SEARCH("Other",'Process Register'!$H11)),"X",""),"")
A12: =IF('Process Register'!A12="","",'Process Register'!A12) | B12: =IF('Process Register'!B12="","",'Process Register'!B12) | C12: =IFERROR(IF(ISNUMBER(SEARCH("SAP",'Process Register'!$H12)),"X",""),"") | D12: =IFERROR(IF(ISNUMBER(SEARCH("Outlook",'Process Register'!$H12)),"X",""),"") | E12: =IFERROR(IF(ISNUMBER(SEARCH("Excel",'Process Register'!$H12)),"X",""),"") | F12: =IFERROR(IF(ISNUMBER(SEARCH("Web Portal",'Process Register'!$H12)),"X",""),"") | G12: =IFERROR(IF(ISNUMBER(SEARCH("Database",'Process Register'!$H12)),"X",""),"") | H12: =IFERROR(IF(ISNUMBER(SEARCH("SharePoint",'Process Register'!$H12)),"X",""),"") | I12: =IFERROR(IF(ISNUMBER(SEARCH("Other",'Process Register'!$H12)),"X",""),"")
A13: =IF('Process Register'!A13="","",'Process Register'!A13) | B13: =IF('Process Register'!B13="","",'Process Register'!B13) | C13: =IFERROR(IF(ISNUMBER(SEARCH("SAP",'Process Register'!$H13)),"X",""),"") | D13: =IFERROR(IF(ISNUMBER(SEARCH("Outlook",'Process Register'!$H13)),"X",""),"") | E13: =IFERROR(IF(ISNUMBER(SEARCH("Excel",'Process Register'!$H13)),"X",""),"") | F13: =IFERROR(IF(ISNUMBER(SEARCH("Web Portal",'Process Register'!$H13)),"X",""),"") | G13: =IFERROR(IF(ISNUMBER(SEARCH("Database",'Process Register'!$H13)),"X",""),"") | H13: =IFERROR(IF(ISNUMBER(SEARCH("SharePoint",'Process Register'!$H13)),"X",""),"") | I13: =IFERROR(IF(ISNUMBER(SEARCH("Other",'Process Register'!$H13)),"X",""),"")
... A41: =IF('Process Register'!A41="","",'Process Register'!A41) | B41: =IF('Process Register'!B41="","",'Process Register'!B41) | C41: =IFERROR(IF(ISNUMBER(SEARCH("SAP",'Process Register'!$H41)),"X",""),"") | D41: =IFERROR(IF(ISNUMBER(SEARCH("Outlook",'Process Register'!$H41)),"X",""),"") | E41: =IFERROR(IF(ISNUMBER(SEARCH("Excel",'Process Register'!$H41)),"X",""),"") | F41: =IFERROR(IF(ISNUMBER(SEARCH("Web Portal",'Process Register'!$H41)),"X",""),"") | G41: =IFERROR(IF(ISNUMBER(SEARCH("Database",'Process Register'!$H41)),"X",""),"") | H41: =IFERROR(IF(ISNUMBER(SEARCH("SharePoint",'Process Register'!$H41)),"X",""),"") | I41: =IFERROR(IF(ISNUMBER(SEARCH("Other",'Process Register'!$H41)),"X",""),"")
B43: Total processes using system | C43: =COUNTIF(C2:C41,"X") -> 1 | D43: =COUNTIF(D2:D41,"X") -> 2 | E43: =COUNTIF(E2:E41,"X") -> 1 | F43: =COUNTIF(F2:F41,"X") -> 1 | G43: =COUNTIF(G2:G41,"X") -> 0 | H43: =COUNTIF(H2:H41,"X") -> 0 | I43: =COUNTIF(I2:I41,"X") -> 0

Sheet Dashboard
A1: Automation Program Dashboard
A3: Total processes tracked | B3: =COUNTA('Process Register'!A2:A41) -> 2
A4: In production | B4: =COUNTIF('Process Register'!E2:E41,"Production") -> 1
A5: In development or testing | B5: =COUNTIF('Process Register'!E2:E41,"In Development")+COUNTIF('Process Register'!E2:E41,"Testing/UAT") -> 1
A6: Awaiting a decision (backlog/discovery/review) | B6: =COUNTIF('Process Register'!E2:E41,"Backlog")+COUNTIF('Process Register'!E2:E41,"Discovery")+COUNTIF('Process Register'!E2:E41,"Feasibility Review")+COUNTIF('Process Register'!E2:E41,"Governance Decision") -> 0
A7: Parked or rejected | B7: =COUNTIF('Process Register'!E2:E41,"Parked")+COUNTIF('Process Register'!E2:E41,"Rejected") -> 0
A8: Total estimated annual hours saved | B8: =SUM('Process Register'!R2:R41) -> 480
A9: Total actual annual hours saved (post go-live) | B9: =SUM('Process Register'!S2:S41) -> 0
A11: Processes by status | D11: Processes by system
A12: Status | B12: Count | D12: System | E12: Count
A13: Backlog | B13: =COUNTIF('Process Register'!E2:E41,"Backlog") -> 0 | D13: SAP | E13: ='Systems Matrix'!C43 -> 1
A14: Discovery | B14: =COUNTIF('Process Register'!E2:E41,"Discovery") -> 0 | D14: Outlook | E14: ='Systems Matrix'!D43 -> 2
A15: Feasibility Review | B15: =COUNTIF('Process Register'!E2:E41,"Feasibility Review") -> 0 | D15: Excel | E15: ='Systems Matrix'!E43 -> 1
A16: Governance Decision | B16: =COUNTIF('Process Register'!E2:E41,"Governance Decision") -> 0 | D16: Web Portal | E16: ='Systems Matrix'!F43 -> 1
A17: Approved - In Design | B17: =COUNTIF('Process Register'!E2:E41,"Approved - In Design") -> 0 | D17: Database | E17: ='Systems Matrix'!G43 -> 0
A18: In Development | B18: =COUNTIF('Process Register'!E2:E41,"In Development") -> 1 | D18: SharePoint | E18: ='Systems Matrix'!H43 -> 0
A19: Testing/UAT | B19: =COUNTIF('Process Register'!E2:E41,"Testing/UAT") -> 0 | D19: Other | E19: ='Systems Matrix'!I43 -> 0
A20: Production | B20: =COUNTIF('Process Register'!E2:E41,"Production") -> 1
A21: Parked | B21: =COUNTIF('Process Register'!E2:E41,"Parked") -> 0
A22: Rejected | B22: =COUNTIF('Process Register'!E2:E41,"Rejected") -> 0
A23: Retired | B23: =COUNTIF('Process Register'!E2:E41,"Retired") -> 0
